{"cameraMode":{"drawMode":0,"name":"Shaded","section":"Shading Mode"},"sceneLighting":true,"audioPlay":false,"sceneViewState":{"showFog":true,"showMaterialUpdate":true,"showSkybox":true,"showFlares":true,"showImageEffects":true,"showParticleSystems":true},"in2DMode":false,"pivot":{"x":-5.444662570953369,"y":-3.24623703956604,"z":7.230090141296387},"rotation":{"x":0.04135075584053993,"y":0.9518490433692932,"z":-0.14853529632091523,"w":0.26498520374298098},"size":4.81485652923584,"orthographic":false}