{"cameraMode":{"drawMode":0,"name":"Shaded","section":"Shading Mode"},"sceneLighting":true,"audioPlay":false,"sceneViewState":{"m_AlwaysRefresh":true,"showFog":true,"showSkybox":true,"showFlares":true,"showImageEffects":true,"showParticleSystems":true,"showVisualEffectGraphs":true,"m_FxEnabled":true},"in2DMode":false,"pivot":{"x":-17.63551139831543,"y":-13.555646896362305,"z":-3.3618736267089845},"rotation":{"x":0.21043385565280915,"y":-0.5708408951759338,"z":0.15430320799350739,"w":0.7784929871559143},"size":21.317218780517579,"orthographic":false}